amount,block_time,symbol,token_address,tx_hash,wallet_from,wallet_to
17.479702054312508,2026-04-22 07:05:35.000 UTC,WEB3,0x8f0d5660929ca6ac394c5c41f59497629b1dbc23,0x2edcb078a082feebeabe2b5eb7ae49ac93060f446bbeb60f8f28828639325b91,0xe8e8486228753e01dbc222da262aa706bd67e601,0x3d89d2653636eecdd286b7399c194d885ac1a159
594.0825975337987,2026-04-21 18:59:35.000 UTC,ABDY,0xde2925d582fc8711a0e93271c12615bdd043ed1c,0x4d7e3f36da70bee2e5b3f6796f986f3bb89e24c5c2c779532f64f02947a12c85,0x92b6a2aee6c748ad196fbfd449f87c9b2aa2e519,0x0000000000000000000000000000000000000000
281.84134213314655,2026-04-21 18:58:59.000 UTC,ACAI,0xd1ce69b4bdd3dda553ea55a2a57c21c65190f3d5,0x2e4dee797e539c92cc1c3698e6aad3ffe941bf3ae089425915b7d5de781ca35b,0x92b6a2aee6c748ad196fbfd449f87c9b2aa2e519,0x0000000000000000000000000000000000000000
5107.849005832763,2026-04-21 18:57:35.000 UTC,WEB3,0x8f0d5660929ca6ac394c5c41f59497629b1dbc23,0xa5cf6d31dea5f031567fd1d0977fa3c3b49b5696c9d73f1b22791bc92eb8101d,0x530d10aec84fc3df7d5fd96e11357689352f69d6,0x92b6a2aee6c748ad196fbfd449f87c9b2aa2e519
1687.315750018543,2026-04-21 18:56:47.000 UTC,AEDY,0x103bb3ebc6f61b3db2d6e01e54ef7d9899a2e16b,0x4383cb216c40e2918e3b87fed70d6ae4de9347ecd4c87c005113ddca1e89c646,0x530d10aec84fc3df7d5fd96e11357689352f69d6,0x92b6a2aee6c748ad196fbfd449f87c9b2aa2e519
98.70378036815474,2026-04-21 18:56:11.000 UTC,ADDY,0xe15a66b7b8e385caa6f69fd0d55984b96d7263cf,0x3099f7352bde4c7cc562b7bfa5099009120305a295fc03afbd1aa7e0be44f0d1,0x530d10aec84fc3df7d5fd96e11357689352f69d6,0x92b6a2aee6c748ad196fbfd449f87c9b2aa2e519
98.70378036815474,2026-04-21 18:53:47.000 UTC,ADDY,0xe15a66b7b8e385caa6f69fd0d55984b96d7263cf,0xc4bee7ddc74712074a26cac3983c11054e1bec568a681808bc9e97c01c3626d8,0x0cc2caed31490b546c741bd93dbba8ab387f7f2c,0x530d10aec84fc3df7d5fd96e11357689352f69d6
281.84134213314655,2026-04-21 18:52:47.000 UTC,ACAI,0xd1ce69b4bdd3dda553ea55a2a57c21c65190f3d5,0xd103dccfda3b0d526b26480ee43077f6b1e765ae788d2b0678b2d64381ca31d3,0x40ec5b33f54e0e8a33a975908c5ba1c14e5bbbdf,0x530d10aec84fc3df7d5fd96e11357689352f69d6
532.4140038760568,2026-04-21 18:48:59.000 UTC,ABDY,0xde2925d582fc8711a0e93271c12615bdd043ed1c,0x357dc7b04b118beefb50744182678a867c44e0a2c303cfbcff747bd35c1d7306,0x40ec5b33f54e0e8a33a975908c5ba1c14e5bbbdf,0x530d10aec84fc3df7d5fd96e11357689352f69d6
4981.363499514802,2026-04-21 17:52:47.000 UTC,WEB3,0x8f0d5660929ca6ac394c5c41f59497629b1dbc23,0xacc0254398e671efb0ba6272257556eb09fd34b66b0ff38648fa664ef0e1803a,0x40ec5b33f54e0e8a33a975908c5ba1c14e5bbbdf,0x530d10aec84fc3df7d5fd96e11357689352f69d6
1677.745010762716,2026-04-21 17:51:59.000 UTC,AEDY,0x103bb3ebc6f61b3db2d6e01e54ef7d9899a2e16b,0xfafe8b8c071fafdfcd3fe352d1ed3b0d074221b0a181297e91cfac5bc02b356b,0x0cc2caed31490b546c741bd93dbba8ab387f7f2c,0x530d10aec84fc3df7d5fd96e11357689352f69d6
126.48550631796182,2026-04-21 14:41:47.000 UTC,WEB3,0x8f0d5660929ca6ac394c5c41f59497629b1dbc23,0xd1f34610de51dd05ba2343586a1c6f03a2d3fb0b0b5a5a393e9b195a5f0b5025,0x818feb1d51e8681a020b2c0df4820071102fdd38,0x530d10aec84fc3df7d5fd96e11357689352f69d6
110.0,2026-04-20 16:04:47.000 UTC,ARWA,0xf436e681574220471fc72e42ae33564512dafd06,0x167128d5ca7314a084312b97826abc9f77808483c32b920eddb6acaa6a1b74b5,0x818feb1d51e8681a020b2c0df4820071102fdd38,0x92b6a2aee6c748ad196fbfd449f87c9b2aa2e519
1964.4473501853608,2026-04-16 19:08:59.000 UTC,AEDY,0x103bb3ebc6f61b3db2d6e01e54ef7d9899a2e16b,0x4772803d0f7735e639d88847726a085008ed5bf7aa1f045ca484c0c9994f6f62,0x530d10aec84fc3df7d5fd96e11357689352f69d6,0x92b6a2aee6c748ad196fbfd449f87c9b2aa2e519
1964.4473501853608,2026-04-16 19:07:35.000 UTC,AEDY,0x103bb3ebc6f61b3db2d6e01e54ef7d9899a2e16b,0xd476b1400a6517419e0cfd58afa99997ada7ddb2c518b64fecdeca6e22c47904,0x0cc2caed31490b546c741bd93dbba8ab387f7f2c,0x530d10aec84fc3df7d5fd96e11357689352f69d6
1058.387067390743,2026-04-16 19:05:59.000 UTC,ABDY,0xde2925d582fc8711a0e93271c12615bdd043ed1c,0xe9846b24121d8d79dd190aa24a78e6ed5d7a38c2e1de2ab99ab42f6e55efafc5,0x92b6a2aee6c748ad196fbfd449f87c9b2aa2e519,0x0000000000000000000000000000000000000000
7962.472952980619,2026-04-16 19:04:47.000 UTC,WEB3,0x8f0d5660929ca6ac394c5c41f59497629b1dbc23,0xd3bd3091f61327931e2f9daaa06225fd2d149b184fc0a74c118cc5d49648ab73,0x92b6a2aee6c748ad196fbfd449f87c9b2aa2e519,0x0000000000000000000000000000000000000000
7962.472952980619,2026-04-16 19:00:47.000 UTC,WEB3,0x8f0d5660929ca6ac394c5c41f59497629b1dbc23,0x1caf5c3b552a01397597b37ca05914b5b1e5514c97d863c03a1486296a34af5d,0x40ec5b33f54e0e8a33a975908c5ba1c14e5bbbdf,0x530d10aec84fc3df7d5fd96e11357689352f69d6
1058.387067390743,2026-04-16 18:58:47.000 UTC,ABDY,0xde2925d582fc8711a0e93271c12615bdd043ed1c,0xd942b74f161315e552f734bcec593283d14a105abda483f2949132f9a66151cd,0x40ec5b33f54e0e8a33a975908c5ba1c14e5bbbdf,0x530d10aec84fc3df7d5fd96e11357689352f69d6
1144.5394781107043,2026-04-16 16:33:11.000 UTC,AEDY,0x103bb3ebc6f61b3db2d6e01e54ef7d9899a2e16b,0x34521935ca77bdf21170e8d9360bf66fdf7ddaeeca2a1c57bb213c2848827907,0x530d10aec84fc3df7d5fd96e11357689352f69d6,0x92b6a2aee6c748ad196fbfd449f87c9b2aa2e519
1144.5394781107043,2026-04-16 16:16:59.000 UTC,AEDY,0x103bb3ebc6f61b3db2d6e01e54ef7d9899a2e16b,0xde0768450396e0aeb35d0ef97b779f2740e8bc192c296f9dd9b0f5528b6156cf,0x0cc2caed31490b546c741bd93dbba8ab387f7f2c,0x530d10aec84fc3df7d5fd96e11357689352f69d6
380.73638144435046,2026-04-16 15:04:23.000 UTC,ABDY,0xde2925d582fc8711a0e93271c12615bdd043ed1c,0x5342fc20be446aad2e71a19adada141c6895ad427bb16136c5d31d55e55fceeb,0x92b6a2aee6c748ad196fbfd449f87c9b2aa2e519,0x0000000000000000000000000000000000000000
165.25780996236267,2026-04-16 15:03:35.000 UTC,ACAI,0xd1ce69b4bdd3dda553ea55a2a57c21c65190f3d5,0x98eab79fc172974483d5d913d2ba1596d9d4c84b1028e32250bd4066a4baa370,0x92b6a2aee6c748ad196fbfd449f87c9b2aa2e519,0x0000000000000000000000000000000000000000
3321.593091524692,2026-04-16 15:01:59.000 UTC,WEB3,0x8f0d5660929ca6ac394c5c41f59497629b1dbc23,0x4c507d07e44d85a751829a082c7ee0dad4fa59a344752d2f2f277fdf93f7f8a1,0x92b6a2aee6c748ad196fbfd449f87c9b2aa2e519,0x0000000000000000000000000000000000000000
3321.593091524692,2026-04-16 15:00:59.000 UTC,WEB3,0x8f0d5660929ca6ac394c5c41f59497629b1dbc23,0xf0fc341eb9b96b8981f8004f869b48b87849799266337a27487c296d83242a17,0x40ec5b33f54e0e8a33a975908c5ba1c14e5bbbdf,0x530d10aec84fc3df7d5fd96e11357689352f69d6
380.73638144435046,2026-04-16 14:59:35.000 UTC,ABDY,0xde2925d582fc8711a0e93271c12615bdd043ed1c,0xe5abbb1d158151be4f1d3e16ee8ea4431dec0361b93eef82d8e7ef04ce6c049a,0x40ec5b33f54e0e8a33a975908c5ba1c14e5bbbdf,0x530d10aec84fc3df7d5fd96e11357689352f69d6
165.25780996236267,2026-04-16 14:58:47.000 UTC,ACAI,0xd1ce69b4bdd3dda553ea55a2a57c21c65190f3d5,0x2f3fdb3e2b551c1c1a529919f2752b971b9cea8d632e334c63e85da3951dc8c3,0x40ec5b33f54e0e8a33a975908c5ba1c14e5bbbdf,0x530d10aec84fc3df7d5fd96e11357689352f69d6
242.7147979276616,2026-04-16 14:58:23.000 UTC,ADDY,0xe15a66b7b8e385caa6f69fd0d55984b96d7263cf,0xb4f6225f32dfdd4aac005fa9697d83b0f916510c3b8ae933c158aa641170eb95,0x92b6a2aee6c748ad196fbfd449f87c9b2aa2e519,0x0000000000000000000000000000000000000000
4863.612350907803,2026-04-16 14:56:23.000 UTC,AEDY,0x103bb3ebc6f61b3db2d6e01e54ef7d9899a2e16b,0x12a6e369564b6863d0946aa44ca7d46a91fbfa7f26e5948c4fc9fe152666c946,0x92b6a2aee6c748ad196fbfd449f87c9b2aa2e519,0x0000000000000000000000000000000000000000
4863.612350907803,2026-04-16 14:55:11.000 UTC,AEDY,0x103bb3ebc6f61b3db2d6e01e54ef7d9899a2e16b,0xa2aeea25c4713d61248667937ca6e055847cfc4e14129495fc248df906687a26,0x0cc2caed31490b546c741bd93dbba8ab387f7f2c,0x530d10aec84fc3df7d5fd96e11357689352f69d6
242.7147979276616,2026-04-16 14:51:59.000 UTC,ADDY,0xe15a66b7b8e385caa6f69fd0d55984b96d7263cf,0xfe789d37474dc5f4ee4942e67d568669346133fe63a361fabffc8602b8f4fca5,0x0cc2caed31490b546c741bd93dbba8ab387f7f2c,0x530d10aec84fc3df7d5fd96e11357689352f69d6
1.0,2026-04-16 13:41:11.000 UTC,ADDY,0xe15a66b7b8e385caa6f69fd0d55984b96d7263cf,0xfda0b6cab3b8170761f7347cdb3981b62a2e98de2409d83c880f75d4c5cfe54d,0x530d10aec84fc3df7d5fd96e11357689352f69d6,0x92b6a2aee6c748ad196fbfd449f87c9b2aa2e519
1.0,2026-04-16 13:39:47.000 UTC,ADDY,0xe15a66b7b8e385caa6f69fd0d55984b96d7263cf,0xa34396e4bc346eb774cfda3f320c15e380641cd8faf2a70d8ea1b7d7761fdb25,0x0cc2caed31490b546c741bd93dbba8ab387f7f2c,0x530d10aec84fc3df7d5fd96e11357689352f69d6
0.1,2026-04-16 02:27:35.000 UTC,AEDY,0x103bb3ebc6f61b3db2d6e01e54ef7d9899a2e16b,0xffe68a0512ddc23f645988725926fe519ee414692c0a439ee7374468dcd11f1c,0x92b6a2aee6c748ad196fbfd449f87c9b2aa2e519,0x0000000000000000000000000000000000000000
0.1,2026-04-16 02:23:47.000 UTC,AEDY,0x103bb3ebc6f61b3db2d6e01e54ef7d9899a2e16b,0x195168fd47af98f87a350000106890bf7f440dc94275aa4fc0dc43e3c79373a9,0x0cc2caed31490b546c741bd93dbba8ab387f7f2c,0x530d10aec84fc3df7d5fd96e11357689352f69d6
349.91270174893174,2026-04-15 16:41:47.000 UTC,ABDY,0xde2925d582fc8711a0e93271c12615bdd043ed1c,0x219619aeef12433f03ba4e7c55392e775da64d762bb6e54eaa925a5cddfb0ed5,0x92b6a2aee6c748ad196fbfd449f87c9b2aa2e519,0x0000000000000000000000000000000000000000
130.00317899922922,2026-04-15 16:38:59.000 UTC,ACAI,0xd1ce69b4bdd3dda553ea55a2a57c21c65190f3d5,0xef7300d6b1a94da2454be587580d1ec10740fbff812e29b5993dbb370eaea952,0x530d10aec84fc3df7d5fd96e11357689352f69d6,0x92b6a2aee6c748ad196fbfd449f87c9b2aa2e519
4158.773922208542,2026-04-15 16:38:23.000 UTC,WEB3,0x8f0d5660929ca6ac394c5c41f59497629b1dbc23,0x5b53980f8ac77b87721e085928839a373d7b1268628f07a7f6580905bb8a91b6,0x92b6a2aee6c748ad196fbfd449f87c9b2aa2e519,0x0000000000000000000000000000000000000000
4158.773922208542,2026-04-15 16:34:11.000 UTC,WEB3,0x8f0d5660929ca6ac394c5c41f59497629b1dbc23,0x0a13251a1f99a9a5fe6019b0fe194f492c6ca447a52d0d62499722417df8c9c5,0x40ec5b33f54e0e8a33a975908c5ba1c14e5bbbdf,0x530d10aec84fc3df7d5fd96e11357689352f69d6
130.00317899922922,2026-04-15 16:32:23.000 UTC,ACAI,0xd1ce69b4bdd3dda553ea55a2a57c21c65190f3d5,0x10b052904db3dac1c98090c25cfba7cc3af3bbbbb46bf7ed5ef9e55770628d31,0x40ec5b33f54e0e8a33a975908c5ba1c14e5bbbdf,0x530d10aec84fc3df7d5fd96e11357689352f69d6
349.91270174893174,2026-04-15 16:30:59.000 UTC,ABDY,0xde2925d582fc8711a0e93271c12615bdd043ed1c,0x8b6dce4a675b9ef54f3b94dd0df8a3478d90a175441357a4a7834d1370c453d8,0x40ec5b33f54e0e8a33a975908c5ba1c14e5bbbdf,0x530d10aec84fc3df7d5fd96e11357689352f69d6
462.3736228881078,2026-04-14 17:01:11.000 UTC,ACAI,0xd1ce69b4bdd3dda553ea55a2a57c21c65190f3d5,0xfc0c8956d731c4aed83402eff9663148484ff6569a98221709a0c9b610443d5a,0x530d10aec84fc3df7d5fd96e11357689352f69d6,0x92b6a2aee6c748ad196fbfd449f87c9b2aa2e519
10542.200638220947,2026-04-14 16:59:11.000 UTC,WEB3,0x8f0d5660929ca6ac394c5c41f59497629b1dbc23,0x754a9579c62c1972083ea00852a20f9e36e0d85c136670c10fb9d37448cc09ee,0x530d10aec84fc3df7d5fd96e11357689352f69d6,0x92b6a2aee6c748ad196fbfd449f87c9b2aa2e519
1153.6789689933764,2026-04-14 16:57:59.000 UTC,ABDY,0xde2925d582fc8711a0e93271c12615bdd043ed1c,0x953e7032f8762568f7984afe442592ad087a0fde7b278a28bc3b2cae383c54cd,0x530d10aec84fc3df7d5fd96e11357689352f69d6,0x92b6a2aee6c748ad196fbfd449f87c9b2aa2e519
462.3736228881078,2026-04-14 16:52:47.000 UTC,ACAI,0xd1ce69b4bdd3dda553ea55a2a57c21c65190f3d5,0x3f706bcb45d487569a3dbedf73f3a890d866358b743eb6a3de6e14ed8d3760af,0x40ec5b33f54e0e8a33a975908c5ba1c14e5bbbdf,0x530d10aec84fc3df7d5fd96e11357689352f69d6
10542.200638220947,2026-04-14 16:51:47.000 UTC,WEB3,0x8f0d5660929ca6ac394c5c41f59497629b1dbc23,0x4d0aa1e8f7b7fc64132651f1a0e5940b9b87bb969c29ce69b05421cccfccdc46,0x40ec5b33f54e0e8a33a975908c5ba1c14e5bbbdf,0x530d10aec84fc3df7d5fd96e11357689352f69d6
1153.6789689933764,2026-04-14 16:49:35.000 UTC,ABDY,0xde2925d582fc8711a0e93271c12615bdd043ed1c,0x9c7fad3d73e9216358c3061112334724cb1eb9ec79b36b00bcdd5b670432e15c,0x40ec5b33f54e0e8a33a975908c5ba1c14e5bbbdf,0x530d10aec84fc3df7d5fd96e11357689352f69d6
2484.997573102987,2026-04-12 00:00:11.000 UTC,ABDY,0xde2925d582fc8711a0e93271c12615bdd043ed1c,0x4c054071c97f8fdcaaf0701ec4a016b3c9d504ffe2baebb7e1f99ae8affacd24,0x530d10aec84fc3df7d5fd96e11357689352f69d6,0x92b6a2aee6c748ad196fbfd449f87c9b2aa2e519
1468.1470860799766,2026-04-11 23:58:47.000 UTC,AEDY,0x103bb3ebc6f61b3db2d6e01e54ef7d9899a2e16b,0x0942bc30dbc3e69126d91e0def560b1ba06290131e4205e3cfa1eb6412f0cc19,0x530d10aec84fc3df7d5fd96e11357689352f69d6,0x92b6a2aee6c748ad196fbfd449f87c9b2aa2e519
1468.1470860799766,2026-04-11 23:57:47.000 UTC,AEDY,0x103bb3ebc6f61b3db2d6e01e54ef7d9899a2e16b,0xce0bc146fae01bd9df50c45a33b3fc7bd5d6a50b2304cb7ea9e80d8ff1c1d88f,0x0cc2caed31490b546c741bd93dbba8ab387f7f2c,0x530d10aec84fc3df7d5fd96e11357689352f69d6
2484.997573102987,2026-04-11 23:56:35.000 UTC,ABDY,0xde2925d582fc8711a0e93271c12615bdd043ed1c,0x02ddb4469f950c990920175e176851c87a72071977663c6358c3b8cb057be90d,0x40ec5b33f54e0e8a33a975908c5ba1c14e5bbbdf,0x530d10aec84fc3df7d5fd96e11357689352f69d6
0.9145043313363812,2026-04-10 03:51:11.000 UTC,ABDY,0xde2925d582fc8711a0e93271c12615bdd043ed1c,0x8752d76dcca84df9313e986a4f939d9bddb1112baa9153f46094c87353c446fd,0x5bd65e6ee905441ad5c398c8e138ab0c92d97fa2,0x92b6a2aee6c748ad196fbfd449f87c9b2aa2e519
395.4830532420161,2026-04-10 00:14:59.000 UTC,ACAI,0xd1ce69b4bdd3dda553ea55a2a57c21c65190f3d5,0x1f8823397d633bf41d4fe0c7ae65ed7c886ecce2415be77ed6495cc306f1ab25,0x92b6a2aee6c748ad196fbfd449f87c9b2aa2e519,0x0000000000000000000000000000000000000000
82.86293339533748,2026-04-10 00:13:47.000 UTC,ADDY,0xe15a66b7b8e385caa6f69fd0d55984b96d7263cf,0x94cb99187ff3acd6627718f29fa637336a4bf571838a61a3314a5b28e81edffc,0x530d10aec84fc3df7d5fd96e11357689352f69d6,0x92b6a2aee6c748ad196fbfd449f87c9b2aa2e519
2455.777993738071,2026-04-10 00:12:59.000 UTC,WEB3,0x8f0d5660929ca6ac394c5c41f59497629b1dbc23,0xd12a1246e92d036d186c9d40489819d8bbdb6ababb56479054ba45c5d4c6aec9,0x530d10aec84fc3df7d5fd96e11357689352f69d6,0x92b6a2aee6c748ad196fbfd449f87c9b2aa2e519
189.22111448583837,2026-04-10 00:10:47.000 UTC,ABDY,0xde2925d582fc8711a0e93271c12615bdd043ed1c,0x19be96fe9a732218d1085d889c6a340291e4934766f18256caaebcf05336dcbc,0x92b6a2aee6c748ad196fbfd449f87c9b2aa2e519,0x0000000000000000000000000000000000000000
2893.674511626668,2026-04-10 00:09:23.000 UTC,AEDY,0x103bb3ebc6f61b3db2d6e01e54ef7d9899a2e16b,0x00cfc6c16d81d5234b6e63ae902a211a4288c9154b4ff727c7b11eedcaf1c0aa,0x92b6a2aee6c748ad196fbfd449f87c9b2aa2e519,0x0000000000000000000000000000000000000000
2893.674511626668,2026-04-10 00:07:11.000 UTC,AEDY,0x103bb3ebc6f61b3db2d6e01e54ef7d9899a2e16b,0x080d7ec6800d1a5ee8703995970e511b4b70de12a0dd1892be714ee83ac5e56a,0x0cc2caed31490b546c741bd93dbba8ab387f7f2c,0x530d10aec84fc3df7d5fd96e11357689352f69d6
2455.777993738071,2026-04-10 00:06:11.000 UTC,WEB3,0x8f0d5660929ca6ac394c5c41f59497629b1dbc23,0x3e80078e2521890f1fdde544245aaa7a8379e4835d85e268c4a12528ba22613d,0x40ec5b33f54e0e8a33a975908c5ba1c14e5bbbdf,0x530d10aec84fc3df7d5fd96e11357689352f69d6
395.4830532420161,2026-04-10 00:03:47.000 UTC,ACAI,0xd1ce69b4bdd3dda553ea55a2a57c21c65190f3d5,0x2b15e53f1d5e488b38d0f10034001fcc4c4dee363dbe3881656f606eeb44673d,0x40ec5b33f54e0e8a33a975908c5ba1c14e5bbbdf,0x530d10aec84fc3df7d5fd96e11357689352f69d6
82.86293339533748,2026-04-09 23:59:47.000 UTC,ADDY,0xe15a66b7b8e385caa6f69fd0d55984b96d7263cf,0x96ae5137c1541beba8cd1db7cd4762dcc8eeb5167136a85445c035e9815e9e4b,0x0cc2caed31490b546c741bd93dbba8ab387f7f2c,0x530d10aec84fc3df7d5fd96e11357689352f69d6
189.22111448583837,2026-04-09 23:13:11.000 UTC,ABDY,0xde2925d582fc8711a0e93271c12615bdd043ed1c,0x4829dc24d509b539f239b0ef0724da0e4e7f3abe5240433798a2b2a90f20f3fb,0x40ec5b33f54e0e8a33a975908c5ba1c14e5bbbdf,0x530d10aec84fc3df7d5fd96e11357689352f69d6
2880.3311214116497,2026-04-09 03:06:23.000 UTC,WEB3,0x8f0d5660929ca6ac394c5c41f59497629b1dbc23,0x00aecae319ac78dc3faff1e3f04672b54e8101ff1846561d00704d6157e564a1,0x530d10aec84fc3df7d5fd96e11357689352f69d6,0x92b6a2aee6c748ad196fbfd449f87c9b2aa2e519
518.740858946428,2026-04-09 03:04:47.000 UTC,AEDY,0x103bb3ebc6f61b3db2d6e01e54ef7d9899a2e16b,0xd83c125a3188ad28b4545b3511928af6bef26151a45fa916510e3888e1e0b888,0x530d10aec84fc3df7d5fd96e11357689352f69d6,0x92b6a2aee6c748ad196fbfd449f87c9b2aa2e519
3593.3692337402836,2026-04-09 03:03:23.000 UTC,ABDY,0xde2925d582fc8711a0e93271c12615bdd043ed1c,0xe69816c9d642872080a4f106c2506603346d907dfe33d6e2a751e1c403d8eab7,0x530d10aec84fc3df7d5fd96e11357689352f69d6,0x92b6a2aee6c748ad196fbfd449f87c9b2aa2e519
3593.3692337402836,2026-04-09 03:00:59.000 UTC,ABDY,0xde2925d582fc8711a0e93271c12615bdd043ed1c,0x071f00b3cdf78437245b7b9c323b78d7ceb8b2f914e1f396e464b086312d3bb8,0x40ec5b33f54e0e8a33a975908c5ba1c14e5bbbdf,0x530d10aec84fc3df7d5fd96e11357689352f69d6
2880.3311214116497,2026-04-09 03:00:11.000 UTC,WEB3,0x8f0d5660929ca6ac394c5c41f59497629b1dbc23,0xe25da5649caa6fc9e4072427e07c8dc659b64d2d6355db1770e3091407421c72,0x40ec5b33f54e0e8a33a975908c5ba1c14e5bbbdf,0x530d10aec84fc3df7d5fd96e11357689352f69d6
518.740858946428,2026-04-09 02:58:35.000 UTC,AEDY,0x103bb3ebc6f61b3db2d6e01e54ef7d9899a2e16b,0x3ccf691190a7c25d380aaaffd0572d5ece8bf6147f17b362567cfce002491523,0x0cc2caed31490b546c741bd93dbba8ab387f7f2c,0x530d10aec84fc3df7d5fd96e11357689352f69d6
1127.3165300834985,2026-04-08 19:54:59.000 UTC,ABDY,0xde2925d582fc8711a0e93271c12615bdd043ed1c,0x6a703c6b7160b125ec49a024a17f31159c193989a23467e168035ec497967409,0x92b6a2aee6c748ad196fbfd449f87c9b2aa2e519,0x0000000000000000000000000000000000000000
355.6073272593162,2026-04-08 19:54:23.000 UTC,ACAI,0xd1ce69b4bdd3dda553ea55a2a57c21c65190f3d5,0x70f3d94e4c2fc7aac06a38dbfe6e179fafff2cd787e06e66e18282cbf62769f3,0x92b6a2aee6c748ad196fbfd449f87c9b2aa2e519,0x0000000000000000000000000000000000000000
3677.563642782544,2026-04-08 19:50:47.000 UTC,WEB3,0x8f0d5660929ca6ac394c5c41f59497629b1dbc23,0x8d37ea96d72881d378cdb7d96a5a34bee23c491512987d6ed506064a86b68b8c,0x530d10aec84fc3df7d5fd96e11357689352f69d6,0x92b6a2aee6c748ad196fbfd449f87c9b2aa2e519
1504.906480710266,2026-04-08 19:49:23.000 UTC,AEDY,0x103bb3ebc6f61b3db2d6e01e54ef7d9899a2e16b,0x743c2b48f4bb63e3d1b92257a1ba53190fbae3072c24e0359a5abb595f1b00a0,0x530d10aec84fc3df7d5fd96e11357689352f69d6,0x92b6a2aee6c748ad196fbfd449f87c9b2aa2e519
1446.430953723588,2026-04-08 19:48:23.000 UTC,ADDY,0xe15a66b7b8e385caa6f69fd0d55984b96d7263cf,0x63c639093cd2e5b667f9e1c1afb40f092bff5e05b3d62e5c0b1cf38fad0466b5,0x530d10aec84fc3df7d5fd96e11357689352f69d6,0x92b6a2aee6c748ad196fbfd449f87c9b2aa2e519
1504.906480710266,2026-04-08 19:33:59.000 UTC,AEDY,0x103bb3ebc6f61b3db2d6e01e54ef7d9899a2e16b,0xa9d645685df34512fdef6bebc7c7a14b5bad1d13d8073bb0625873f9cd2310fc,0x0cc2caed31490b546c741bd93dbba8ab387f7f2c,0x530d10aec84fc3df7d5fd96e11357689352f69d6
3677.563642782544,2026-04-08 19:32:35.000 UTC,WEB3,0x8f0d5660929ca6ac394c5c41f59497629b1dbc23,0x34e3ddb96f87352da1e16fb65492ccb2823991d277a66fffa13ca573c4817145,0x40ec5b33f54e0e8a33a975908c5ba1c14e5bbbdf,0x530d10aec84fc3df7d5fd96e11357689352f69d6
1446.430953723588,2026-04-08 19:29:47.000 UTC,ADDY,0xe15a66b7b8e385caa6f69fd0d55984b96d7263cf,0xf8b043a46ab9fbae7e9fd248991c12bbad2a3c45722218a7cd52b2dfa691dddf,0x0cc2caed31490b546c741bd93dbba8ab387f7f2c,0x530d10aec84fc3df7d5fd96e11357689352f69d6
1127.3165300834985,2026-04-08 19:25:35.000 UTC,ABDY,0xde2925d582fc8711a0e93271c12615bdd043ed1c,0x1e17872e3ca2067f004a97d297f488d76fbd72a7a27fb787dde90dc28c8c3695,0x40ec5b33f54e0e8a33a975908c5ba1c14e5bbbdf,0x530d10aec84fc3df7d5fd96e11357689352f69d6
355.6073272593162,2026-04-08 19:24:23.000 UTC,ACAI,0xd1ce69b4bdd3dda553ea55a2a57c21c65190f3d5,0x9b5f67ca51bff4ea605eb1ef80b18be48474b5c5ae08f719472d1fbce8ddd4d4,0x40ec5b33f54e0e8a33a975908c5ba1c14e5bbbdf,0x530d10aec84fc3df7d5fd96e11357689352f69d6
50652.78074577477,2026-04-08 01:31:59.000 UTC,WEB3,0x8f0d5660929ca6ac394c5c41f59497629b1dbc23,0x315aa4f62e79e6a2a2c3cbd321c7342ab1013cde86a1f9cd06131c1fb0522ae6,0xf9f2e5862c221a16fc11c4dcd22876cf281d6bfe,0x92b6a2aee6c748ad196fbfd449f87c9b2aa2e519
50652.78074577477,2026-04-08 01:29:47.000 UTC,WEB3,0x8f0d5660929ca6ac394c5c41f59497629b1dbc23,0xe8001640dc2cc914acbb2a733bfadef17c522a25c61bb7f8fb1729d28203f435,0x40ec5b33f54e0e8a33a975908c5ba1c14e5bbbdf,0xf9f2e5862c221a16fc11c4dcd22876cf281d6bfe
1196.0295401135627,2026-04-07 23:09:35.000 UTC,ACAI,0xd1ce69b4bdd3dda553ea55a2a57c21c65190f3d5,0x06f4eda37d0a19623689385a4fa3024f8aa732e8b814501f1b24e4bf2b2e6d1c,0x92b6a2aee6c748ad196fbfd449f87c9b2aa2e519,0x0000000000000000000000000000000000000000
771.4151512271416,2026-04-07 23:07:23.000 UTC,ABDY,0xde2925d582fc8711a0e93271c12615bdd043ed1c,0xda858d4f2d3171bcc1a2cda044b17a17c58e331b3c019e23a0c8d23fe900f1a2,0x530d10aec84fc3df7d5fd96e11357689352f69d6,0x92b6a2aee6c748ad196fbfd449f87c9b2aa2e519
3702.930041923684,2026-04-07 22:50:47.000 UTC,WEB3,0x8f0d5660929ca6ac394c5c41f59497629b1dbc23,0xaeb49bb7f601d9f88817a55a09f99bffa4103a65b42913f98993c1696fca013a,0x92b6a2aee6c748ad196fbfd449f87c9b2aa2e519,0x0000000000000000000000000000000000000000
896.7309428719215,2026-04-07 22:49:35.000 UTC,AEDY,0x103bb3ebc6f61b3db2d6e01e54ef7d9899a2e16b,0xe3c639fe5f9307230eb4a188cf792171e0b6991252d0345c9618d75eabeb9c33,0x92b6a2aee6c748ad196fbfd449f87c9b2aa2e519,0x0000000000000000000000000000000000000000
896.7309428719215,2026-04-07 22:47:11.000 UTC,AEDY,0x103bb3ebc6f61b3db2d6e01e54ef7d9899a2e16b,0x11dd498b0ab0fbda042c9445b0842bb7e4dfb459547869385583be198e805ff1,0x0cc2caed31490b546c741bd93dbba8ab387f7f2c,0x530d10aec84fc3df7d5fd96e11357689352f69d6
3702.930041923684,2026-04-07 22:46:23.000 UTC,WEB3,0x8f0d5660929ca6ac394c5c41f59497629b1dbc23,0x3e1bf462bd3310ecf9b1243124d3bb77bd84e5545091c27ef5f45547d3e1cc2c,0x40ec5b33f54e0e8a33a975908c5ba1c14e5bbbdf,0x530d10aec84fc3df7d5fd96e11357689352f69d6
1196.0295401135627,2026-04-07 22:44:59.000 UTC,ACAI,0xd1ce69b4bdd3dda553ea55a2a57c21c65190f3d5,0x71ed96cb69334819ee19ec1933076a21aa9f9efd4914e742cdee505c4b9e0cf2,0x40ec5b33f54e0e8a33a975908c5ba1c14e5bbbdf,0x530d10aec84fc3df7d5fd96e11357689352f69d6
771.4151512271416,2026-04-07 22:43:59.000 UTC,ABDY,0xde2925d582fc8711a0e93271c12615bdd043ed1c,0xc4c1baa319bc08b0d4d190ebb116f94db36c0bcdfb99374cdecd5f535749ab68,0x40ec5b33f54e0e8a33a975908c5ba1c14e5bbbdf,0x530d10aec84fc3df7d5fd96e11357689352f69d6
1939.2754281299983,2026-04-06 23:05:47.000 UTC,WEB3,0x8f0d5660929ca6ac394c5c41f59497629b1dbc23,0x7be06b5e1949ef540aee574ea6c93ea4e219fc13c38aa2170c4cff081aeb8ebd,0x530d10aec84fc3df7d5fd96e11357689352f69d6,0x92b6a2aee6c748ad196fbfd449f87c9b2aa2e519
188.3109676586359,2026-04-06 23:04:47.000 UTC,ACAI,0xd1ce69b4bdd3dda553ea55a2a57c21c65190f3d5,0x71d256e22c3e54acfa50ad22662b46da2f0b46c75fb7c028c6e2c5e04e91e62d,0x92b6a2aee6c748ad196fbfd449f87c9b2aa2e519,0x0000000000000000000000000000000000000000
112.0133879570451,2026-04-06 23:02:59.000 UTC,AEDY,0x103bb3ebc6f61b3db2d6e01e54ef7d9899a2e16b,0xa3e4a32882c939206bafab0f8b73b6e748cc70868dc2ff34aae11b8ee218ef1e,0x92b6a2aee6c748ad196fbfd449f87c9b2aa2e519,0x0000000000000000000000000000000000000000
1939.2754281299983,2026-04-06 23:01:35.000 UTC,WEB3,0x8f0d5660929ca6ac394c5c41f59497629b1dbc23,0xc3c7bc32bb44afbad7eba59236c8c12c854766582ff8fdc71cb50c22d6e4b02f,0x818feb1d51e8681a020b2c0df4820071102fdd38,0x530d10aec84fc3df7d5fd96e11357689352f69d6
1396.02,2026-04-06 22:19:59.000 UTC,AEDY,0x103bb3ebc6f61b3db2d6e01e54ef7d9899a2e16b,0xbd4d41e365c135480c9e62b1ff5d978722225a47ef24d1f83c4e39cf9f2819b0,0x92b6a2aee6c748ad196fbfd449f87c9b2aa2e519,0x0000000000000000000000000000000000000000
237.0520767191649,2026-04-06 21:47:35.000 UTC,ABDY,0xde2925d582fc8711a0e93271c12615bdd043ed1c,0xda13b9667f3205a4a176c25133a8d7224487321855d8d043356c27412e075efc,0x92b6a2aee6c748ad196fbfd449f87c9b2aa2e519,0x0000000000000000000000000000000000000000
5022.2390525426945,2026-04-06 21:46:59.000 UTC,ACAI,0xd1ce69b4bdd3dda553ea55a2a57c21c65190f3d5,0x75a8aa7b325e7908f1eb3bd39a6ff04b79371b3bdd93c53ca446c316cbecbd80,0x530d10aec84fc3df7d5fd96e11357689352f69d6,0x92b6a2aee6c748ad196fbfd449f87c9b2aa2e519
13189.355649915731,2026-04-06 21:46:23.000 UTC,WEB3,0x8f0d5660929ca6ac394c5c41f59497629b1dbc23,0x860ba59bb21f5037b4621255a9704218fb01160ee27846bc9bc74e1f70d97320,0x92b6a2aee6c748ad196fbfd449f87c9b2aa2e519,0x0000000000000000000000000000000000000000
1155.025158254124,2026-04-06 21:44:59.000 UTC,AEDY,0x103bb3ebc6f61b3db2d6e01e54ef7d9899a2e16b,0x5c1e41f3dda6fc76a2b4b637308bf8e2e7bf905f8748bf4261411d4475880408,0x92b6a2aee6c748ad196fbfd449f87c9b2aa2e519,0x0000000000000000000000000000000000000000
1155.025158254124,2026-04-06 21:42:35.000 UTC,AEDY,0x103bb3ebc6f61b3db2d6e01e54ef7d9899a2e16b,0x4a99dadd412bb60cd5c439adad0f8c6d4879c44e5992dcf77a04ae6c62f23d84,0x0cc2caed31490b546c741bd93dbba8ab387f7f2c,0x530d10aec84fc3df7d5fd96e11357689352f69d6
13189.355649915731,2026-04-06 21:41:35.000 UTC,WEB3,0x8f0d5660929ca6ac394c5c41f59497629b1dbc23,0x9a79dd216ae73ffe609329243b35f1644218569730e5b4a710af566d0e971c18,0x40ec5b33f54e0e8a33a975908c5ba1c14e5bbbdf,0x530d10aec84fc3df7d5fd96e11357689352f69d6
5022.2390525426945,2026-04-06 21:40:59.000 UTC,ACAI,0xd1ce69b4bdd3dda553ea55a2a57c21c65190f3d5,0x117b27473ede4e5bb9cbdd1d91e0e6f856beba1e485a90ef228e466c6eacae84,0x40ec5b33f54e0e8a33a975908c5ba1c14e5bbbdf,0x530d10aec84fc3df7d5fd96e11357689352f69d6
237.0520767191649,2026-04-06 21:39:35.000 UTC,ABDY,0xde2925d582fc8711a0e93271c12615bdd043ed1c,0xec02e14972f7a19bb43a69528fda5a6370451d174ce6344ed7ff880755d715f4,0x40ec5b33f54e0e8a33a975908c5ba1c14e5bbbdf,0x530d10aec84fc3df7d5fd96e11357689352f69d6
1255.444599392148,2026-04-06 19:52:59.000 UTC,AEDY,0x103bb3ebc6f61b3db2d6e01e54ef7d9899a2e16b,0xa0233a8b13f9f777d5135eaaa427eb44f06cce8cf87cd0bba73056f63761a153,0x530d10aec84fc3df7d5fd96e11357689352f69d6,0x92b6a2aee6c748ad196fbfd449f87c9b2aa2e519
17517.1,2026-04-06 15:24:11.000 UTC,AEDY,0x103bb3ebc6f61b3db2d6e01e54ef7d9899a2e16b,0x83b1d65e417aba86daad53ddc3386f4b54af9c61b8e310f41015da61a040101e,0xfc8cd13e74ee7f062089e2c2369cd4d7805d50fd,0x0000000000000000000000000000000000000000
17517.1,2026-04-06 15:20:35.000 UTC,AEDY,0x103bb3ebc6f61b3db2d6e01e54ef7d9899a2e16b,0x198abf9e1e1396ba3677b7fadb6807d1f12ecc90c3567af3b0dd7979b6347957,0x89390a34dea6190404d088b967dc01b9663c4f74,0xfc8cd13e74ee7f062089e2c2369cd4d7805d50fd
6058.903216465805,2026-04-06 15:16:11.000 UTC,ABDY,0xde2925d582fc8711a0e93271c12615bdd043ed1c,0xeaf717fd9ef5caf4fdfca905a26eceeaf1184a9e27425dfa33f495ec8140836d,0x89390a34dea6190404d088b967dc01b9663c4f74,0x92b6a2aee6c748ad196fbfd449f87c9b2aa2e519
2028.482246,2026-04-06 15:14:35.000 UTC,ACAI,0xd1ce69b4bdd3dda553ea55a2a57c21c65190f3d5,0x0aa48fa14be2579480621d0e56c6df208bc588d71340cefc5a3c4680c42a7d1f,0x89390a34dea6190404d088b967dc01b9663c4f74,0x92b6a2aee6c748ad196fbfd449f87c9b2aa2e519
212.7304575694497,2026-04-06 15:10:47.000 UTC,ADDY,0xe15a66b7b8e385caa6f69fd0d55984b96d7263cf,0x467551830fb0f26b6245522e64f19222d5136e8c41c67561bac7a82d8e81bb76,0x530d10aec84fc3df7d5fd96e11357689352f69d6,0x92b6a2aee6c748ad196fbfd449f87c9b2aa2e519
212.7304575694497,2026-04-06 15:08:35.000 UTC,ADDY,0xe15a66b7b8e385caa6f69fd0d55984b96d7263cf,0x8d5eedaca1c61c69ad0f6134ed344ebdb0af02537f14076805baa29b313f04de,0x0cc2caed31490b546c741bd93dbba8ab387f7f2c,0x530d10aec84fc3df7d5fd96e11357689352f69d6
1192.0035214496522,2026-04-06 15:06:59.000 UTC,ABDY,0xde2925d582fc8711a0e93271c12615bdd043ed1c,0x57d436acd8d831348889d25bdf34a2f59da007cec66e2da4eed54978fd1fdf14,0x530d10aec84fc3df7d5fd96e11357689352f69d6,0x92b6a2aee6c748ad196fbfd449f87c9b2aa2e519
408.7567983941252,2026-04-06 15:06:11.000 UTC,ACAI,0xd1ce69b4bdd3dda553ea55a2a57c21c65190f3d5,0x62b92d1976e5e03403781ef842d49a09491a2101d9443534741d656a19db674b,0x92b6a2aee6c748ad196fbfd449f87c9b2aa2e519,0x0000000000000000000000000000000000000000
5900.974207290318,2026-04-06 15:05:23.000 UTC,WEB3,0x8f0d5660929ca6ac394c5c41f59497629b1dbc23,0x53fdee95b1e45dd3fc1e28a8cb28aebb99f1783dc84876e87b17c18c7d1a4669,0x530d10aec84fc3df7d5fd96e11357689352f69d6,0x92b6a2aee6c748ad196fbfd449f87c9b2aa2e519
99227.695,2026-04-06 15:03:23.000 UTC,WEB3,0x8f0d5660929ca6ac394c5c41f59497629b1dbc23,0x22ef2ece85b1eedde76e0f69a0b2eb3630e57c79dddd54fa0bbfeb5208554175,0x89390a34dea6190404d088b967dc01b9663c4f74,0x92b6a2aee6c748ad196fbfd449f87c9b2aa2e519
408.7567983941252,2026-04-06 14:58:59.000 UTC,ACAI,0xd1ce69b4bdd3dda553ea55a2a57c21c65190f3d5,0x807536e5a825828ab599d6d9b5250af1f416dd149f1aa6279bae1b9715bf8fe3,0x40ec5b33f54e0e8a33a975908c5ba1c14e5bbbdf,0x530d10aec84fc3df7d5fd96e11357689352f69d6
1192.0035214496522,2026-04-06 14:58:23.000 UTC,ABDY,0xde2925d582fc8711a0e93271c12615bdd043ed1c,0xea381abc7b1b26db70cefe2088b24cab0cef6d3be6bf4c7ae0547ca2f3006710,0x40ec5b33f54e0e8a33a975908c5ba1c14e5bbbdf,0x530d10aec84fc3df7d5fd96e11357689352f69d6
5900.974207290318,2026-04-06 14:55:59.000 UTC,WEB3,0x8f0d5660929ca6ac394c5c41f59497629b1dbc23,0xe5bd03d9d36772061db4cc3a82cf5b4a8dc743317a6dfcb0ffae7abd88da2863,0x40ec5b33f54e0e8a33a975908c5ba1c14e5bbbdf,0x530d10aec84fc3df7d5fd96e11357689352f69d6
1255.444599392148,2026-04-06 14:53:47.000 UTC,AEDY,0x103bb3ebc6f61b3db2d6e01e54ef7d9899a2e16b,0xe97ccf2cebe1b4f01ef9567e6f434edce2a9dc942e6e7bea7c686b929fa29b28,0x0cc2caed31490b546c741bd93dbba8ab387f7f2c,0x530d10aec84fc3df7d5fd96e11357689352f69d6
2782.7340359858754,2026-04-02 16:56:11.000 UTC,WEB3,0x8f0d5660929ca6ac394c5c41f59497629b1dbc23,0xf787facb77d4c3c70e46fd9b953e7f2fe9a044b2236260db704f1a5a92686ab9,0x92b6a2aee6c748ad196fbfd449f87c9b2aa2e519,0x0000000000000000000000000000000000000000
2782.7340359858754,2026-04-02 16:54:59.000 UTC,WEB3,0x8f0d5660929ca6ac394c5c41f59497629b1dbc23,0xe325da3f5a60f003fac18a71be5d836b618c95dbf69856a29a96624214daf66b,0x40ec5b33f54e0e8a33a975908c5ba1c14e5bbbdf,0x530d10aec84fc3df7d5fd96e11357689352f69d6
1564.273401269768,2026-04-02 16:54:11.000 UTC,ACAI,0xd1ce69b4bdd3dda553ea55a2a57c21c65190f3d5,0xd1f4e537ee7bd58593d1ba33befa40f76526b07ee070d18e213d3f31255142c0,0x92b6a2aee6c748ad196fbfd449f87c9b2aa2e519,0x0000000000000000000000000000000000000000
210.9798091016309,2026-04-02 16:53:35.000 UTC,ADDY,0xe15a66b7b8e385caa6f69fd0d55984b96d7263cf,0x643659eeadfd31b629b4bdf482f0b068a589acaf31e3857b55952bf11eee9198,0x92b6a2aee6c748ad196fbfd449f87c9b2aa2e519,0x0000000000000000000000000000000000000000
902.9669815887072,2026-04-02 16:52:11.000 UTC,AEDY,0x103bb3ebc6f61b3db2d6e01e54ef7d9899a2e16b,0xc8e35cd1ecc869be77a7ef0a2afd2d0d36fb8dd966ea128768e839e7b4ddb1a0,0x92b6a2aee6c748ad196fbfd449f87c9b2aa2e519,0x0000000000000000000000000000000000000000
1138.5065470274958,2026-04-02 16:51:23.000 UTC,ABDY,0xde2925d582fc8711a0e93271c12615bdd043ed1c,0x5d3eb26cc982ecb3320c3ca252fcc88e394cabd33050e53c45dcb5f895207ba0,0x92b6a2aee6c748ad196fbfd449f87c9b2aa2e519,0x0000000000000000000000000000000000000000
902.9669815887072,2026-04-02 16:42:59.000 UTC,AEDY,0x103bb3ebc6f61b3db2d6e01e54ef7d9899a2e16b,0xb7019c8b87faab3e0f0297692c28e354c9a487646bb7dff40985614881f9e8fc,0x0cc2caed31490b546c741bd93dbba8ab387f7f2c,0x530d10aec84fc3df7d5fd96e11357689352f69d6
1564.273401269768,2026-04-02 16:41:59.000 UTC,ACAI,0xd1ce69b4bdd3dda553ea55a2a57c21c65190f3d5,0x6e70e8dfae5ff2d67e2d5bfc9b6527a540257410948210935feb441998a900e1,0x40ec5b33f54e0e8a33a975908c5ba1c14e5bbbdf,0x530d10aec84fc3df7d5fd96e11357689352f69d6
1138.5065470274958,2026-04-02 16:40:11.000 UTC,ABDY,0xde2925d582fc8711a0e93271c12615bdd043ed1c,0x9633d7735e58fb27da5cd5e90e9ecdf24de27eb316f106b429a15cc9c05d4a87,0x40ec5b33f54e0e8a33a975908c5ba1c14e5bbbdf,0x530d10aec84fc3df7d5fd96e11357689352f69d6
210.9798091016309,2026-04-02 16:39:35.000 UTC,ADDY,0xe15a66b7b8e385caa6f69fd0d55984b96d7263cf,0xcb6a4c0a427fcf25fd76c99792b7c0116dfac2bb8326db9f5cfff097cdd129c0,0x0cc2caed31490b546c741bd93dbba8ab387f7f2c,0x530d10aec84fc3df7d5fd96e11357689352f69d6
441.97870830477115,2026-04-02 00:22:35.000 UTC,ABDY,0xde2925d582fc8711a0e93271c12615bdd043ed1c,0xe49bea8850da10a57ffa821c61baecc48bcac2e922a5c85a5a6fce4dd1adf172,0x92b6a2aee6c748ad196fbfd449f87c9b2aa2e519,0x0000000000000000000000000000000000000000
1152.7622987881302,2026-04-02 00:21:11.000 UTC,ACAI,0xd1ce69b4bdd3dda553ea55a2a57c21c65190f3d5,0x5038a06068f8d65da3abe97efd88f8fbc8b66b4a595d0891761fa2615d9e2296,0x92b6a2aee6c748ad196fbfd449f87c9b2aa2e519,0x0000000000000000000000000000000000000000
10680.052992819748,2026-04-02 00:19:35.000 UTC,WEB3,0x8f0d5660929ca6ac394c5c41f59497629b1dbc23,0x1d7f8e64161ecba79760293f7437e936604e476baa966ef40fb3d7c355c33558,0x530d10aec84fc3df7d5fd96e11357689352f69d6,0x92b6a2aee6c748ad196fbfd449f87c9b2aa2e519
1763.774060330264,2026-04-02 00:18:59.000 UTC,AEDY,0x103bb3ebc6f61b3db2d6e01e54ef7d9899a2e16b,0x6a292cf90a8a4bf1ec98087a1c56a11e9e0af817da2e349861a0a85bb089d8ec,0x530d10aec84fc3df7d5fd96e11357689352f69d6,0x92b6a2aee6c748ad196fbfd449f87c9b2aa2e519
372.7397688107477,2026-04-02 00:18:11.000 UTC,ADDY,0xe15a66b7b8e385caa6f69fd0d55984b96d7263cf,0xbbeb79153ab6927939fef66af1c7e3bc968d42794a0abd742b3dab6182fe5bda,0x92b6a2aee6c748ad196fbfd449f87c9b2aa2e519,0x0000000000000000000000000000000000000000
1152.7622987881302,2026-04-02 00:15:59.000 UTC,ACAI,0xd1ce69b4bdd3dda553ea55a2a57c21c65190f3d5,0xf5584519638e0aa7e28b406ad6bf9e767dd6c2aa7472519504901d3cc43ff60f,0x40ec5b33f54e0e8a33a975908c5ba1c14e5bbbdf,0x530d10aec84fc3df7d5fd96e11357689352f69d6
1763.774060330264,2026-04-02 00:14:59.000 UTC,AEDY,0x103bb3ebc6f61b3db2d6e01e54ef7d9899a2e16b,0x505b237d27ade8c1458eea764ecd4c938a99dd10ee0c2655ae84bc89a184b1fd,0x0cc2caed31490b546c741bd93dbba8ab387f7f2c,0x530d10aec84fc3df7d5fd96e11357689352f69d6
10680.052992819748,2026-04-02 00:13:11.000 UTC,WEB3,0x8f0d5660929ca6ac394c5c41f59497629b1dbc23,0xd9a7f2254e75b46fd1397453fde2103029425e52d5fc004c021c386343cc4bee,0x40ec5b33f54e0e8a33a975908c5ba1c14e5bbbdf,0x530d10aec84fc3df7d5fd96e11357689352f69d6
441.97870830477115,2026-04-02 00:12:35.000 UTC,ABDY,0xde2925d582fc8711a0e93271c12615bdd043ed1c,0x143fc9d599379541f40609686543525e62191e3135895c9918849200cfcae602,0x40ec5b33f54e0e8a33a975908c5ba1c14e5bbbdf,0x530d10aec84fc3df7d5fd96e11357689352f69d6
372.7397688107477,2026-04-02 00:11:35.000 UTC,ADDY,0xe15a66b7b8e385caa6f69fd0d55984b96d7263cf,0x3e533ecea1603dc63aba415f2d3b168b5d97074eba3647c5d870d965533f8fa4,0x0cc2caed31490b546c741bd93dbba8ab387f7f2c,0x530d10aec84fc3df7d5fd96e11357689352f69d6
272.8868218666575,2026-04-01 17:29:47.000 UTC,ADDY,0xe15a66b7b8e385caa6f69fd0d55984b96d7263cf,0xaecce2091bae25ecfbc11952c1735ab82f4e9305f5d9229f64645e0d3ae1f12e,0x92b6a2aee6c748ad196fbfd449f87c9b2aa2e519,0x0000000000000000000000000000000000000000
710.7442036483083,2026-04-01 17:28:23.000 UTC,ABDY,0xde2925d582fc8711a0e93271c12615bdd043ed1c,0x34313b9663177ea319a3d02d25d245cbe07da06f72e3856fdc218bf7b7266e64,0x92b6a2aee6c748ad196fbfd449f87c9b2aa2e519,0x0000000000000000000000000000000000000000
884.491492012668,2026-04-01 17:27:47.000 UTC,AEDY,0x103bb3ebc6f61b3db2d6e01e54ef7d9899a2e16b,0xa1154d134cea38f9661a05baf5d5fda2a29feecc94d0e1c775717bfeec57eb97,0x530d10aec84fc3df7d5fd96e11357689352f69d6,0x92b6a2aee6c748ad196fbfd449f87c9b2aa2e519
4660.533719200097,2026-04-01 17:26:35.000 UTC,WEB3,0x8f0d5660929ca6ac394c5c41f59497629b1dbc23,0x4512f830b42ef43c7edd3b6541d46b8fbb60c8a9b64060d28c42324471d5ab4a,0x92b6a2aee6c748ad196fbfd449f87c9b2aa2e519,0x0000000000000000000000000000000000000000
4660.533719200097,2026-04-01 17:24:47.000 UTC,WEB3,0x8f0d5660929ca6ac394c5c41f59497629b1dbc23,0x355461d11596954cb0f143de5945263be0af1a652287af8f7f270b00ae7c53d4,0x40ec5b33f54e0e8a33a975908c5ba1c14e5bbbdf,0x530d10aec84fc3df7d5fd96e11357689352f69d6
710.7442036483083,2026-04-01 17:22:59.000 UTC,ABDY,0xde2925d582fc8711a0e93271c12615bdd043ed1c,0xf1fb72dfa69c83fec4d23aab28634c85c83d0ed538ee8e285ce4dae114f88c41,0x40ec5b33f54e0e8a33a975908c5ba1c14e5bbbdf,0x530d10aec84fc3df7d5fd96e11357689352f69d6
272.8868218666575,2026-04-01 17:21:35.000 UTC,ADDY,0xe15a66b7b8e385caa6f69fd0d55984b96d7263cf,0x876d6806535c1bf11e61d105ef738ece186456e0a7a0c1bf189c592818f30da4,0x0cc2caed31490b546c741bd93dbba8ab387f7f2c,0x530d10aec84fc3df7d5fd96e11357689352f69d6
884.491492012668,2026-04-01 17:19:59.000 UTC,AEDY,0x103bb3ebc6f61b3db2d6e01e54ef7d9899a2e16b,0x0a354cbd78ffaad508ceedf2543fc4afb3aed233a27531fce12f1d3779132835,0x0cc2caed31490b546c741bd93dbba8ab387f7f2c,0x530d10aec84fc3df7d5fd96e11357689352f69d6
2007.5357288167968,2026-04-01 12:56:59.000 UTC,ADDY,0xe15a66b7b8e385caa6f69fd0d55984b96d7263cf,0xcd450a2911b43c10a8c4e4669ac14326c11a96bb90690ed115bcb76aa0589414,0x92b6a2aee6c748ad196fbfd449f87c9b2aa2e519,0x0000000000000000000000000000000000000000
2007.5357288167968,2026-04-01 12:54:35.000 UTC,ADDY,0xe15a66b7b8e385caa6f69fd0d55984b96d7263cf,0x336abda0df467422ffc67e70e95b3352916ec8eccd1a0944548815444e8043e2,0x0cc2caed31490b546c741bd93dbba8ab387f7f2c,0xf9f2e5862c221a16fc11c4dcd22876cf281d6bfe
1552.88987306145,2026-04-01 00:46:35.000 UTC,ABDY,0xde2925d582fc8711a0e93271c12615bdd043ed1c,0x88611ab169b7d8c453a68073d541534109bd536d268532decbaff9db02915a0e,0x530d10aec84fc3df7d5fd96e11357689352f69d6,0x92b6a2aee6c748ad196fbfd449f87c9b2aa2e519
1552.88987306145,2026-04-01 00:45:23.000 UTC,ABDY,0xde2925d582fc8711a0e93271c12615bdd043ed1c,0xeb42d8e17a9c2e88bdcf2b6732102404fcc76bced1c159331758edd0ba219acd,0x40ec5b33f54e0e8a33a975908c5ba1c14e5bbbdf,0x530d10aec84fc3df7d5fd96e11357689352f69d6
594.0825975337987,2026-04-21 18:59:35.000 UTC,ABDY,0xde2925d582fc8711a0e93271c12615bdd043ed1c,0x4d7e3f36da70bee2e5b3f6796f986f3bb89e24c5c2c779532f64f02947a12c85,0x530d10aec84fc3df7d5fd96e11357689352f69d6,0x92b6a2aee6c748ad196fbfd449f87c9b2aa2e519
281.84134213314655,2026-04-21 18:58:59.000 UTC,ACAI,0xd1ce69b4bdd3dda553ea55a2a57c21c65190f3d5,0x2e4dee797e539c92cc1c3698e6aad3ffe941bf3ae089425915b7d5de781ca35b,0x530d10aec84fc3df7d5fd96e11357689352f69d6,0x92b6a2aee6c748ad196fbfd449f87c9b2aa2e519
5107.849005832763,2026-04-21 18:57:35.000 UTC,WEB3,0x8f0d5660929ca6ac394c5c41f59497629b1dbc23,0xa5cf6d31dea5f031567fd1d0977fa3c3b49b5696c9d73f1b22791bc92eb8101d,0x92b6a2aee6c748ad196fbfd449f87c9b2aa2e519,0x0000000000000000000000000000000000000000
1687.315750018543,2026-04-21 18:56:47.000 UTC,AEDY,0x103bb3ebc6f61b3db2d6e01e54ef7d9899a2e16b,0x4383cb216c40e2918e3b87fed70d6ae4de9347ecd4c87c005113ddca1e89c646,0x92b6a2aee6c748ad196fbfd449f87c9b2aa2e519,0x0000000000000000000000000000000000000000
98.70378036815474,2026-04-21 18:56:11.000 UTC,ADDY,0xe15a66b7b8e385caa6f69fd0d55984b96d7263cf,0x3099f7352bde4c7cc562b7bfa5099009120305a295fc03afbd1aa7e0be44f0d1,0x92b6a2aee6c748ad196fbfd449f87c9b2aa2e519,0x0000000000000000000000000000000000000000
9.57073925582675,2026-04-21 14:41:47.000 UTC,AEDY,0x103bb3ebc6f61b3db2d6e01e54ef7d9899a2e16b,0xd1f34610de51dd05ba2343586a1c6f03a2d3fb0b0b5a5a393e9b195a5f0b5025,0x818feb1d51e8681a020b2c0df4820071102fdd38,0x530d10aec84fc3df7d5fd96e11357689352f69d6
61.66859365774194,2026-04-21 14:41:47.000 UTC,ABDY,0xde2925d582fc8711a0e93271c12615bdd043ed1c,0xd1f34610de51dd05ba2343586a1c6f03a2d3fb0b0b5a5a393e9b195a5f0b5025,0x818feb1d51e8681a020b2c0df4820071102fdd38,0x530d10aec84fc3df7d5fd96e11357689352f69d6
110.0,2026-04-20 16:04:47.000 UTC,ARWA,0xf436e681574220471fc72e42ae33564512dafd06,0x167128d5ca7314a084312b97826abc9f77808483c32b920eddb6acaa6a1b74b5,0x92b6a2aee6c748ad196fbfd449f87c9b2aa2e519,0x0000000000000000000000000000000000000000
1964.4473501853608,2026-04-16 19:08:59.000 UTC,AEDY,0x103bb3ebc6f61b3db2d6e01e54ef7d9899a2e16b,0x4772803d0f7735e639d88847726a085008ed5bf7aa1f045ca484c0c9994f6f62,0x92b6a2aee6c748ad196fbfd449f87c9b2aa2e519,0x0000000000000000000000000000000000000000
1058.387067390743,2026-04-16 19:05:59.000 UTC,ABDY,0xde2925d582fc8711a0e93271c12615bdd043ed1c,0xe9846b24121d8d79dd190aa24a78e6ed5d7a38c2e1de2ab99ab42f6e55efafc5,0x530d10aec84fc3df7d5fd96e11357689352f69d6,0x92b6a2aee6c748ad196fbfd449f87c9b2aa2e519
7962.472952980619,2026-04-16 19:04:47.000 UTC,WEB3,0x8f0d5660929ca6ac394c5c41f59497629b1dbc23,0xd3bd3091f61327931e2f9daaa06225fd2d149b184fc0a74c118cc5d49648ab73,0x530d10aec84fc3df7d5fd96e11357689352f69d6,0x92b6a2aee6c748ad196fbfd449f87c9b2aa2e519
1144.5394781107043,2026-04-16 16:33:11.000 UTC,AEDY,0x103bb3ebc6f61b3db2d6e01e54ef7d9899a2e16b,0x34521935ca77bdf21170e8d9360bf66fdf7ddaeeca2a1c57bb213c2848827907,0x92b6a2aee6c748ad196fbfd449f87c9b2aa2e519,0x0000000000000000000000000000000000000000
380.73638144435046,2026-04-16 15:04:23.000 UTC,ABDY,0xde2925d582fc8711a0e93271c12615bdd043ed1c,0x5342fc20be446aad2e71a19adada141c6895ad427bb16136c5d31d55e55fceeb,0x530d10aec84fc3df7d5fd96e11357689352f69d6,0x92b6a2aee6c748ad196fbfd449f87c9b2aa2e519
165.25780996236267,2026-04-16 15:03:35.000 UTC,ACAI,0xd1ce69b4bdd3dda553ea55a2a57c21c65190f3d5,0x98eab79fc172974483d5d913d2ba1596d9d4c84b1028e32250bd4066a4baa370,0x530d10aec84fc3df7d5fd96e11357689352f69d6,0x92b6a2aee6c748ad196fbfd449f87c9b2aa2e519
3321.593091524692,2026-04-16 15:01:59.000 UTC,WEB3,0x8f0d5660929ca6ac394c5c41f59497629b1dbc23,0x4c507d07e44d85a751829a082c7ee0dad4fa59a344752d2f2f277fdf93f7f8a1,0x530d10aec84fc3df7d5fd96e11357689352f69d6,0x92b6a2aee6c748ad196fbfd449f87c9b2aa2e519
242.7147979276616,2026-04-16 14:58:23.000 UTC,ADDY,0xe15a66b7b8e385caa6f69fd0d55984b96d7263cf,0xb4f6225f32dfdd4aac005fa9697d83b0f916510c3b8ae933c158aa641170eb95,0x530d10aec84fc3df7d5fd96e11357689352f69d6,0x92b6a2aee6c748ad196fbfd449f87c9b2aa2e519
4863.612350907803,2026-04-16 14:56:23.000 UTC,AEDY,0x103bb3ebc6f61b3db2d6e01e54ef7d9899a2e16b,0x12a6e369564b6863d0946aa44ca7d46a91fbfa7f26e5948c4fc9fe152666c946,0x530d10aec84fc3df7d5fd96e11357689352f69d6,0x92b6a2aee6c748ad196fbfd449f87c9b2aa2e519
1.0,2026-04-16 13:41:11.000 UTC,ADDY,0xe15a66b7b8e385caa6f69fd0d55984b96d7263cf,0xfda0b6cab3b8170761f7347cdb3981b62a2e98de2409d83c880f75d4c5cfe54d,0x92b6a2aee6c748ad196fbfd449f87c9b2aa2e519,0x0000000000000000000000000000000000000000
0.1,2026-04-16 02:27:35.000 UTC,AEDY,0x103bb3ebc6f61b3db2d6e01e54ef7d9899a2e16b,0xffe68a0512ddc23f645988725926fe519ee414692c0a439ee7374468dcd11f1c,0x530d10aec84fc3df7d5fd96e11357689352f69d6,0x92b6a2aee6c748ad196fbfd449f87c9b2aa2e519
349.91270174893174,2026-04-15 16:41:47.000 UTC,ABDY,0xde2925d582fc8711a0e93271c12615bdd043ed1c,0x219619aeef12433f03ba4e7c55392e775da64d762bb6e54eaa925a5cddfb0ed5,0x530d10aec84fc3df7d5fd96e11357689352f69d6,0x92b6a2aee6c748ad196fbfd449f87c9b2aa2e519
130.00317899922922,2026-04-15 16:38:59.000 UTC,ACAI,0xd1ce69b4bdd3dda553ea55a2a57c21c65190f3d5,0xef7300d6b1a94da2454be587580d1ec10740fbff812e29b5993dbb370eaea952,0x92b6a2aee6c748ad196fbfd449f87c9b2aa2e519,0x0000000000000000000000000000000000000000
4158.773922208542,2026-04-15 16:38:23.000 UTC,WEB3,0x8f0d5660929ca6ac394c5c41f59497629b1dbc23,0x5b53980f8ac77b87721e085928839a373d7b1268628f07a7f6580905bb8a91b6,0x530d10aec84fc3df7d5fd96e11357689352f69d6,0x92b6a2aee6c748ad196fbfd449f87c9b2aa2e519
462.3736228881078,2026-04-14 17:01:11.000 UTC,ACAI,0xd1ce69b4bdd3dda553ea55a2a57c21c65190f3d5,0xfc0c8956d731c4aed83402eff9663148484ff6569a98221709a0c9b610443d5a,0x92b6a2aee6c748ad196fbfd449f87c9b2aa2e519,0x0000000000000000000000000000000000000000
10542.200638220947,2026-04-14 16:59:11.000 UTC,WEB3,0x8f0d5660929ca6ac394c5c41f59497629b1dbc23,0x754a9579c62c1972083ea00852a20f9e36e0d85c136670c10fb9d37448cc09ee,0x92b6a2aee6c748ad196fbfd449f87c9b2aa2e519,0x0000000000000000000000000000000000000000
1153.6789689933764,2026-04-14 16:57:59.000 UTC,ABDY,0xde2925d582fc8711a0e93271c12615bdd043ed1c,0x953e7032f8762568f7984afe442592ad087a0fde7b278a28bc3b2cae383c54cd,0x92b6a2aee6c748ad196fbfd449f87c9b2aa2e519,0x0000000000000000000000000000000000000000
2484.997573102987,2026-04-12 00:00:11.000 UTC,ABDY,0xde2925d582fc8711a0e93271c12615bdd043ed1c,0x4c054071c97f8fdcaaf0701ec4a016b3c9d504ffe2baebb7e1f99ae8affacd24,0x92b6a2aee6c748ad196fbfd449f87c9b2aa2e519,0x0000000000000000000000000000000000000000
1468.1470860799766,2026-04-11 23:58:47.000 UTC,AEDY,0x103bb3ebc6f61b3db2d6e01e54ef7d9899a2e16b,0x0942bc30dbc3e69126d91e0def560b1ba06290131e4205e3cfa1eb6412f0cc19,0x92b6a2aee6c748ad196fbfd449f87c9b2aa2e519,0x0000000000000000000000000000000000000000
0.9145043313363812,2026-04-10 03:51:11.000 UTC,ABDY,0xde2925d582fc8711a0e93271c12615bdd043ed1c,0x8752d76dcca84df9313e986a4f939d9bddb1112baa9153f46094c87353c446fd,0x92b6a2aee6c748ad196fbfd449f87c9b2aa2e519,0x0000000000000000000000000000000000000000
395.4830532420161,2026-04-10 00:14:59.000 UTC,ACAI,0xd1ce69b4bdd3dda553ea55a2a57c21c65190f3d5,0x1f8823397d633bf41d4fe0c7ae65ed7c886ecce2415be77ed6495cc306f1ab25,0x530d10aec84fc3df7d5fd96e11357689352f69d6,0x92b6a2aee6c748ad196fbfd449f87c9b2aa2e519
82.86293339533748,2026-04-10 00:13:47.000 UTC,ADDY,0xe15a66b7b8e385caa6f69fd0d55984b96d7263cf,0x94cb99187ff3acd6627718f29fa637336a4bf571838a61a3314a5b28e81edffc,0x92b6a2aee6c748ad196fbfd449f87c9b2aa2e519,0x0000000000000000000000000000000000000000
2455.777993738071,2026-04-10 00:12:59.000 UTC,WEB3,0x8f0d5660929ca6ac394c5c41f59497629b1dbc23,0xd12a1246e92d036d186c9d40489819d8bbdb6ababb56479054ba45c5d4c6aec9,0x92b6a2aee6c748ad196fbfd449f87c9b2aa2e519,0x0000000000000000000000000000000000000000
189.22111448583837,2026-04-10 00:10:47.000 UTC,ABDY,0xde2925d582fc8711a0e93271c12615bdd043ed1c,0x19be96fe9a732218d1085d889c6a340291e4934766f18256caaebcf05336dcbc,0x530d10aec84fc3df7d5fd96e11357689352f69d6,0x92b6a2aee6c748ad196fbfd449f87c9b2aa2e519
2893.674511626668,2026-04-10 00:09:23.000 UTC,AEDY,0x103bb3ebc6f61b3db2d6e01e54ef7d9899a2e16b,0x00cfc6c16d81d5234b6e63ae902a211a4288c9154b4ff727c7b11eedcaf1c0aa,0x530d10aec84fc3df7d5fd96e11357689352f69d6,0x92b6a2aee6c748ad196fbfd449f87c9b2aa2e519
2880.3311214116497,2026-04-09 03:06:23.000 UTC,WEB3,0x8f0d5660929ca6ac394c5c41f59497629b1dbc23,0x00aecae319ac78dc3faff1e3f04672b54e8101ff1846561d00704d6157e564a1,0x92b6a2aee6c748ad196fbfd449f87c9b2aa2e519,0x0000000000000000000000000000000000000000
518.740858946428,2026-04-09 03:04:47.000 UTC,AEDY,0x103bb3ebc6f61b3db2d6e01e54ef7d9899a2e16b,0xd83c125a3188ad28b4545b3511928af6bef26151a45fa916510e3888e1e0b888,0x92b6a2aee6c748ad196fbfd449f87c9b2aa2e519,0x0000000000000000000000000000000000000000
3593.3692337402836,2026-04-09 03:03:23.000 UTC,ABDY,0xde2925d582fc8711a0e93271c12615bdd043ed1c,0xe69816c9d642872080a4f106c2506603346d907dfe33d6e2a751e1c403d8eab7,0x92b6a2aee6c748ad196fbfd449f87c9b2aa2e519,0x0000000000000000000000000000000000000000
1127.3165300834985,2026-04-08 19:54:59.000 UTC,ABDY,0xde2925d582fc8711a0e93271c12615bdd043ed1c,0x6a703c6b7160b125ec49a024a17f31159c193989a23467e168035ec497967409,0x530d10aec84fc3df7d5fd96e11357689352f69d6,0x92b6a2aee6c748ad196fbfd449f87c9b2aa2e519
355.6073272593162,2026-04-08 19:54:23.000 UTC,ACAI,0xd1ce69b4bdd3dda553ea55a2a57c21c65190f3d5,0x70f3d94e4c2fc7aac06a38dbfe6e179fafff2cd787e06e66e18282cbf62769f3,0x530d10aec84fc3df7d5fd96e11357689352f69d6,0x92b6a2aee6c748ad196fbfd449f87c9b2aa2e519
3677.563642782544,2026-04-08 19:50:47.000 UTC,WEB3,0x8f0d5660929ca6ac394c5c41f59497629b1dbc23,0x8d37ea96d72881d378cdb7d96a5a34bee23c491512987d6ed506064a86b68b8c,0x92b6a2aee6c748ad196fbfd449f87c9b2aa2e519,0x0000000000000000000000000000000000000000
1504.906480710266,2026-04-08 19:49:23.000 UTC,AEDY,0x103bb3ebc6f61b3db2d6e01e54ef7d9899a2e16b,0x743c2b48f4bb63e3d1b92257a1ba53190fbae3072c24e0359a5abb595f1b00a0,0x92b6a2aee6c748ad196fbfd449f87c9b2aa2e519,0x0000000000000000000000000000000000000000
1446.430953723588,2026-04-08 19:48:23.000 UTC,ADDY,0xe15a66b7b8e385caa6f69fd0d55984b96d7263cf,0x63c639093cd2e5b667f9e1c1afb40f092bff5e05b3d62e5c0b1cf38fad0466b5,0x92b6a2aee6c748ad196fbfd449f87c9b2aa2e519,0x0000000000000000000000000000000000000000
50652.78074577477,2026-04-08 01:31:59.000 UTC,WEB3,0x8f0d5660929ca6ac394c5c41f59497629b1dbc23,0x315aa4f62e79e6a2a2c3cbd321c7342ab1013cde86a1f9cd06131c1fb0522ae6,0x92b6a2aee6c748ad196fbfd449f87c9b2aa2e519,0x0000000000000000000000000000000000000000
1196.0295401135627,2026-04-07 23:09:35.000 UTC,ACAI,0xd1ce69b4bdd3dda553ea55a2a57c21c65190f3d5,0x06f4eda37d0a19623689385a4fa3024f8aa732e8b814501f1b24e4bf2b2e6d1c,0x530d10aec84fc3df7d5fd96e11357689352f69d6,0x92b6a2aee6c748ad196fbfd449f87c9b2aa2e519
771.4151512271416,2026-04-07 23:07:23.000 UTC,ABDY,0xde2925d582fc8711a0e93271c12615bdd043ed1c,0xda858d4f2d3171bcc1a2cda044b17a17c58e331b3c019e23a0c8d23fe900f1a2,0x92b6a2aee6c748ad196fbfd449f87c9b2aa2e519,0x0000000000000000000000000000000000000000
3702.930041923684,2026-04-07 22:50:47.000 UTC,WEB3,0x8f0d5660929ca6ac394c5c41f59497629b1dbc23,0xaeb49bb7f601d9f88817a55a09f99bffa4103a65b42913f98993c1696fca013a,0x530d10aec84fc3df7d5fd96e11357689352f69d6,0x92b6a2aee6c748ad196fbfd449f87c9b2aa2e519
896.7309428719215,2026-04-07 22:49:35.000 UTC,AEDY,0x103bb3ebc6f61b3db2d6e01e54ef7d9899a2e16b,0xe3c639fe5f9307230eb4a188cf792171e0b6991252d0345c9618d75eabeb9c33,0x530d10aec84fc3df7d5fd96e11357689352f69d6,0x92b6a2aee6c748ad196fbfd449f87c9b2aa2e519
1939.2754281299983,2026-04-06 23:05:47.000 UTC,WEB3,0x8f0d5660929ca6ac394c5c41f59497629b1dbc23,0x7be06b5e1949ef540aee574ea6c93ea4e219fc13c38aa2170c4cff081aeb8ebd,0x92b6a2aee6c748ad196fbfd449f87c9b2aa2e519,0x0000000000000000000000000000000000000000
188.3109676586359,2026-04-06 23:04:47.000 UTC,ACAI,0xd1ce69b4bdd3dda553ea55a2a57c21c65190f3d5,0x71d256e22c3e54acfa50ad22662b46da2f0b46c75fb7c028c6e2c5e04e91e62d,0x530d10aec84fc3df7d5fd96e11357689352f69d6,0x92b6a2aee6c748ad196fbfd449f87c9b2aa2e519
112.0133879570451,2026-04-06 23:02:59.000 UTC,AEDY,0x103bb3ebc6f61b3db2d6e01e54ef7d9899a2e16b,0xa3e4a32882c939206bafab0f8b73b6e748cc70868dc2ff34aae11b8ee218ef1e,0x530d10aec84fc3df7d5fd96e11357689352f69d6,0x92b6a2aee6c748ad196fbfd449f87c9b2aa2e519
112.0133879570451,2026-04-06 23:01:35.000 UTC,AEDY,0x103bb3ebc6f61b3db2d6e01e54ef7d9899a2e16b,0xc3c7bc32bb44afbad7eba59236c8c12c854766582ff8fdc71cb50c22d6e4b02f,0x818feb1d51e8681a020b2c0df4820071102fdd38,0x530d10aec84fc3df7d5fd96e11357689352f69d6
188.3109676586359,2026-04-06 23:01:35.000 UTC,ACAI,0xd1ce69b4bdd3dda553ea55a2a57c21c65190f3d5,0xc3c7bc32bb44afbad7eba59236c8c12c854766582ff8fdc71cb50c22d6e4b02f,0x818feb1d51e8681a020b2c0df4820071102fdd38,0x530d10aec84fc3df7d5fd96e11357689352f69d6
1396.02,2026-04-06 22:19:59.000 UTC,AEDY,0x103bb3ebc6f61b3db2d6e01e54ef7d9899a2e16b,0xbd4d41e365c135480c9e62b1ff5d978722225a47ef24d1f83c4e39cf9f2819b0,0xc9d83bda7994c2b3f20cd1ec7879d7025091c885,0x92b6a2aee6c748ad196fbfd449f87c9b2aa2e519
237.0520767191649,2026-04-06 21:47:35.000 UTC,ABDY,0xde2925d582fc8711a0e93271c12615bdd043ed1c,0xda13b9667f3205a4a176c25133a8d7224487321855d8d043356c27412e075efc,0x530d10aec84fc3df7d5fd96e11357689352f69d6,0x92b6a2aee6c748ad196fbfd449f87c9b2aa2e519
5022.2390525426945,2026-04-06 21:46:59.000 UTC,ACAI,0xd1ce69b4bdd3dda553ea55a2a57c21c65190f3d5,0x75a8aa7b325e7908f1eb3bd39a6ff04b79371b3bdd93c53ca446c316cbecbd80,0x92b6a2aee6c748ad196fbfd449f87c9b2aa2e519,0x0000000000000000000000000000000000000000
13189.355649915731,2026-04-06 21:46:23.000 UTC,WEB3,0x8f0d5660929ca6ac394c5c41f59497629b1dbc23,0x860ba59bb21f5037b4621255a9704218fb01160ee27846bc9bc74e1f70d97320,0x530d10aec84fc3df7d5fd96e11357689352f69d6,0x92b6a2aee6c748ad196fbfd449f87c9b2aa2e519
1155.025158254124,2026-04-06 21:44:59.000 UTC,AEDY,0x103bb3ebc6f61b3db2d6e01e54ef7d9899a2e16b,0x5c1e41f3dda6fc76a2b4b637308bf8e2e7bf905f8748bf4261411d4475880408,0x530d10aec84fc3df7d5fd96e11357689352f69d6,0x92b6a2aee6c748ad196fbfd449f87c9b2aa2e519
1255.444599392148,2026-04-06 19:52:59.000 UTC,AEDY,0x103bb3ebc6f61b3db2d6e01e54ef7d9899a2e16b,0xa0233a8b13f9f777d5135eaaa427eb44f06cce8cf87cd0bba73056f63761a153,0x92b6a2aee6c748ad196fbfd449f87c9b2aa2e519,0x0000000000000000000000000000000000000000
6058.903216465805,2026-04-06 15:16:11.000 UTC,ABDY,0xde2925d582fc8711a0e93271c12615bdd043ed1c,0xeaf717fd9ef5caf4fdfca905a26eceeaf1184a9e27425dfa33f495ec8140836d,0x92b6a2aee6c748ad196fbfd449f87c9b2aa2e519,0x0000000000000000000000000000000000000000
2028.482246,2026-04-06 15:14:35.000 UTC,ACAI,0xd1ce69b4bdd3dda553ea55a2a57c21c65190f3d5,0x0aa48fa14be2579480621d0e56c6df208bc588d71340cefc5a3c4680c42a7d1f,0x92b6a2aee6c748ad196fbfd449f87c9b2aa2e519,0x0000000000000000000000000000000000000000
212.7304575694497,2026-04-06 15:10:47.000 UTC,ADDY,0xe15a66b7b8e385caa6f69fd0d55984b96d7263cf,0x467551830fb0f26b6245522e64f19222d5136e8c41c67561bac7a82d8e81bb76,0x92b6a2aee6c748ad196fbfd449f87c9b2aa2e519,0x0000000000000000000000000000000000000000
1192.0035214496522,2026-04-06 15:06:59.000 UTC,ABDY,0xde2925d582fc8711a0e93271c12615bdd043ed1c,0x57d436acd8d831348889d25bdf34a2f59da007cec66e2da4eed54978fd1fdf14,0x92b6a2aee6c748ad196fbfd449f87c9b2aa2e519,0x0000000000000000000000000000000000000000
408.7567983941252,2026-04-06 15:06:11.000 UTC,ACAI,0xd1ce69b4bdd3dda553ea55a2a57c21c65190f3d5,0x62b92d1976e5e03403781ef842d49a09491a2101d9443534741d656a19db674b,0x530d10aec84fc3df7d5fd96e11357689352f69d6,0x92b6a2aee6c748ad196fbfd449f87c9b2aa2e519
5900.974207290318,2026-04-06 15:05:23.000 UTC,WEB3,0x8f0d5660929ca6ac394c5c41f59497629b1dbc23,0x53fdee95b1e45dd3fc1e28a8cb28aebb99f1783dc84876e87b17c18c7d1a4669,0x92b6a2aee6c748ad196fbfd449f87c9b2aa2e519,0x0000000000000000000000000000000000000000
99227.695,2026-04-06 15:03:23.000 UTC,WEB3,0x8f0d5660929ca6ac394c5c41f59497629b1dbc23,0x22ef2ece85b1eedde76e0f69a0b2eb3630e57c79dddd54fa0bbfeb5208554175,0x92b6a2aee6c748ad196fbfd449f87c9b2aa2e519,0x0000000000000000000000000000000000000000
2782.7340359858754,2026-04-02 16:56:11.000 UTC,WEB3,0x8f0d5660929ca6ac394c5c41f59497629b1dbc23,0xf787facb77d4c3c70e46fd9b953e7f2fe9a044b2236260db704f1a5a92686ab9,0x530d10aec84fc3df7d5fd96e11357689352f69d6,0x92b6a2aee6c748ad196fbfd449f87c9b2aa2e519
1564.273401269768,2026-04-02 16:54:11.000 UTC,ACAI,0xd1ce69b4bdd3dda553ea55a2a57c21c65190f3d5,0xd1f4e537ee7bd58593d1ba33befa40f76526b07ee070d18e213d3f31255142c0,0x530d10aec84fc3df7d5fd96e11357689352f69d6,0x92b6a2aee6c748ad196fbfd449f87c9b2aa2e519
210.9798091016309,2026-04-02 16:53:35.000 UTC,ADDY,0xe15a66b7b8e385caa6f69fd0d55984b96d7263cf,0x643659eeadfd31b629b4bdf482f0b068a589acaf31e3857b55952bf11eee9198,0x530d10aec84fc3df7d5fd96e11357689352f69d6,0x92b6a2aee6c748ad196fbfd449f87c9b2aa2e519
902.9669815887072,2026-04-02 16:52:11.000 UTC,AEDY,0x103bb3ebc6f61b3db2d6e01e54ef7d9899a2e16b,0xc8e35cd1ecc869be77a7ef0a2afd2d0d36fb8dd966ea128768e839e7b4ddb1a0,0x530d10aec84fc3df7d5fd96e11357689352f69d6,0x92b6a2aee6c748ad196fbfd449f87c9b2aa2e519
1138.5065470274958,2026-04-02 16:51:23.000 UTC,ABDY,0xde2925d582fc8711a0e93271c12615bdd043ed1c,0x5d3eb26cc982ecb3320c3ca252fcc88e394cabd33050e53c45dcb5f895207ba0,0x530d10aec84fc3df7d5fd96e11357689352f69d6,0x92b6a2aee6c748ad196fbfd449f87c9b2aa2e519
441.97870830477115,2026-04-02 00:22:35.000 UTC,ABDY,0xde2925d582fc8711a0e93271c12615bdd043ed1c,0xe49bea8850da10a57ffa821c61baecc48bcac2e922a5c85a5a6fce4dd1adf172,0x530d10aec84fc3df7d5fd96e11357689352f69d6,0x92b6a2aee6c748ad196fbfd449f87c9b2aa2e519
1152.7622987881302,2026-04-02 00:21:11.000 UTC,ACAI,0xd1ce69b4bdd3dda553ea55a2a57c21c65190f3d5,0x5038a06068f8d65da3abe97efd88f8fbc8b66b4a595d0891761fa2615d9e2296,0x530d10aec84fc3df7d5fd96e11357689352f69d6,0x92b6a2aee6c748ad196fbfd449f87c9b2aa2e519
10680.052992819748,2026-04-02 00:19:35.000 UTC,WEB3,0x8f0d5660929ca6ac394c5c41f59497629b1dbc23,0x1d7f8e64161ecba79760293f7437e936604e476baa966ef40fb3d7c355c33558,0x92b6a2aee6c748ad196fbfd449f87c9b2aa2e519,0x0000000000000000000000000000000000000000
1763.774060330264,2026-04-02 00:18:59.000 UTC,AEDY,0x103bb3ebc6f61b3db2d6e01e54ef7d9899a2e16b,0x6a292cf90a8a4bf1ec98087a1c56a11e9e0af817da2e349861a0a85bb089d8ec,0x92b6a2aee6c748ad196fbfd449f87c9b2aa2e519,0x0000000000000000000000000000000000000000
372.7397688107477,2026-04-02 00:18:11.000 UTC,ADDY,0xe15a66b7b8e385caa6f69fd0d55984b96d7263cf,0xbbeb79153ab6927939fef66af1c7e3bc968d42794a0abd742b3dab6182fe5bda,0x530d10aec84fc3df7d5fd96e11357689352f69d6,0x92b6a2aee6c748ad196fbfd449f87c9b2aa2e519
272.8868218666575,2026-04-01 17:29:47.000 UTC,ADDY,0xe15a66b7b8e385caa6f69fd0d55984b96d7263cf,0xaecce2091bae25ecfbc11952c1735ab82f4e9305f5d9229f64645e0d3ae1f12e,0x530d10aec84fc3df7d5fd96e11357689352f69d6,0x92b6a2aee6c748ad196fbfd449f87c9b2aa2e519
710.7442036483083,2026-04-01 17:28:23.000 UTC,ABDY,0xde2925d582fc8711a0e93271c12615bdd043ed1c,0x34313b9663177ea319a3d02d25d245cbe07da06f72e3856fdc218bf7b7266e64,0x530d10aec84fc3df7d5fd96e11357689352f69d6,0x92b6a2aee6c748ad196fbfd449f87c9b2aa2e519
884.491492012668,2026-04-01 17:27:47.000 UTC,AEDY,0x103bb3ebc6f61b3db2d6e01e54ef7d9899a2e16b,0xa1154d134cea38f9661a05baf5d5fda2a29feecc94d0e1c775717bfeec57eb97,0x92b6a2aee6c748ad196fbfd449f87c9b2aa2e519,0x0000000000000000000000000000000000000000
4660.533719200097,2026-04-01 17:26:35.000 UTC,WEB3,0x8f0d5660929ca6ac394c5c41f59497629b1dbc23,0x4512f830b42ef43c7edd3b6541d46b8fbb60c8a9b64060d28c42324471d5ab4a,0x530d10aec84fc3df7d5fd96e11357689352f69d6,0x92b6a2aee6c748ad196fbfd449f87c9b2aa2e519
2007.5357288167968,2026-04-01 12:56:59.000 UTC,ADDY,0xe15a66b7b8e385caa6f69fd0d55984b96d7263cf,0xcd450a2911b43c10a8c4e4669ac14326c11a96bb90690ed115bcb76aa0589414,0xf9f2e5862c221a16fc11c4dcd22876cf281d6bfe,0x92b6a2aee6c748ad196fbfd449f87c9b2aa2e519
1552.88987306145,2026-04-01 00:46:35.000 UTC,ABDY,0xde2925d582fc8711a0e93271c12615bdd043ed1c,0x88611ab169b7d8c453a68073d541534109bd536d268532decbaff9db02915a0e,0x92b6a2aee6c748ad196fbfd449f87c9b2aa2e519,0x0000000000000000000000000000000000000000
2393.926736778741,2026-04-27 16:38:23.000 UTC,ABDY,0xde2925d582fc8711a0e93271c12615bdd043ed1c,0xf6c3269ad026cb64942117f559a12580dd49acf704104041204d6d25f0badf9c,0x530d10aec84fc3df7d5fd96e11357689352f69d6,0x92b6a2aee6c748ad196fbfd449f87c9b2aa2e519
2393.926736778741,2026-04-27 16:38:23.000 UTC,ABDY,0xde2925d582fc8711a0e93271c12615bdd043ed1c,0xf6c3269ad026cb64942117f559a12580dd49acf704104041204d6d25f0badf9c,0x92b6a2aee6c748ad196fbfd449f87c9b2aa2e519,0x0000000000000000000000000000000000000000
3363.656053192714,2026-04-27 16:36:23.000 UTC,WEB3,0x8f0d5660929ca6ac394c5c41f59497629b1dbc23,0xbc042d477cbe15979fa5f67395c4c5a8e6106215c68a7e0f626417d6364c0da7,0x92b6a2aee6c748ad196fbfd449f87c9b2aa2e519,0x0000000000000000000000000000000000000000
3363.656053192714,2026-04-27 16:36:23.000 UTC,WEB3,0x8f0d5660929ca6ac394c5c41f59497629b1dbc23,0xbc042d477cbe15979fa5f67395c4c5a8e6106215c68a7e0f626417d6364c0da7,0x530d10aec84fc3df7d5fd96e11357689352f69d6,0x92b6a2aee6c748ad196fbfd449f87c9b2aa2e519
1020.2485429745784,2026-04-27 16:35:23.000 UTC,AEDY,0x103bb3ebc6f61b3db2d6e01e54ef7d9899a2e16b,0x82eeb4eb787ec1ba4734afdb87c581ac37552a3eb5755732ca28b3814e15e914,0x92b6a2aee6c748ad196fbfd449f87c9b2aa2e519,0x0000000000000000000000000000000000000000
1020.2485429745784,2026-04-27 16:35:23.000 UTC,AEDY,0x103bb3ebc6f61b3db2d6e01e54ef7d9899a2e16b,0x82eeb4eb787ec1ba4734afdb87c581ac37552a3eb5755732ca28b3814e15e914,0x530d10aec84fc3df7d5fd96e11357689352f69d6,0x92b6a2aee6c748ad196fbfd449f87c9b2aa2e519
230.8738641977221,2026-04-27 16:34:47.000 UTC,ADDY,0xe15a66b7b8e385caa6f69fd0d55984b96d7263cf,0x964c2afac8f0f9c9fabd9b8506021b7d8fb41026e06f4bb5fb53ef767b24e892,0x92b6a2aee6c748ad196fbfd449f87c9b2aa2e519,0x0000000000000000000000000000000000000000
230.8738641977221,2026-04-27 16:34:47.000 UTC,ADDY,0xe15a66b7b8e385caa6f69fd0d55984b96d7263cf,0x964c2afac8f0f9c9fabd9b8506021b7d8fb41026e06f4bb5fb53ef767b24e892,0x530d10aec84fc3df7d5fd96e11357689352f69d6,0x92b6a2aee6c748ad196fbfd449f87c9b2aa2e519
103.17886068094464,2026-04-27 16:25:23.000 UTC,ADDY,0xe15a66b7b8e385caa6f69fd0d55984b96d7263cf,0xf6588a09c9dec77fbfe6656c3613913ff57503c614dfaa8bc99d6e3c52dc479a,0x0cc2caed31490b546c741bd93dbba8ab387f7f2c,0x530d10aec84fc3df7d5fd96e11357689352f69d6
550.0,2026-04-27 16:23:59.000 UTC,WEB3,0x8f0d5660929ca6ac394c5c41f59497629b1dbc23,0xd215938e10044fc6bb54658a4ac0590df4a1b81b7f458f4c06e7e41546875380,0x40ec5b33f54e0e8a33a975908c5ba1c14e5bbbdf,0x530d10aec84fc3df7d5fd96e11357689352f69d6
1350.0,2026-04-27 16:23:11.000 UTC,ABDY,0xde2925d582fc8711a0e93271c12615bdd043ed1c,0x6cf827de7c0cd392200421d111671c12b55971658c717c8d0a73430d4a4998a9,0x40ec5b33f54e0e8a33a975908c5ba1c14e5bbbdf,0x530d10aec84fc3df7d5fd96e11357689352f69d6
412.5245885865296,2026-04-27 16:22:11.000 UTC,AEDY,0x103bb3ebc6f61b3db2d6e01e54ef7d9899a2e16b,0x2933df9feb8a09568e6e106235922281a5b691825b6819b32f9659daddf0aae5,0x0cc2caed31490b546c741bd93dbba8ab387f7f2c,0x530d10aec84fc3df7d5fd96e11357689352f69d6
1043.9267367787409,2026-04-27 14:42:11.000 UTC,ABDY,0xde2925d582fc8711a0e93271c12615bdd043ed1c,0x6c0c74da89f370c53f1088c5d383c35ad4041983f2a86444a2ff3d113feb7881,0x40ec5b33f54e0e8a33a975908c5ba1c14e5bbbdf,0x530d10aec84fc3df7d5fd96e11357689352f69d6
607.7239543880487,2026-04-27 14:41:11.000 UTC,AEDY,0x103bb3ebc6f61b3db2d6e01e54ef7d9899a2e16b,0xe8f80a8a5d8e40de6228d717aa67c7d369b1f7e2d01af19a5bc96e55912eac1a,0x0cc2caed31490b546c741bd93dbba8ab387f7f2c,0x530d10aec84fc3df7d5fd96e11357689352f69d6
2813.656053192714,2026-04-27 14:40:23.000 UTC,WEB3,0x8f0d5660929ca6ac394c5c41f59497629b1dbc23,0x81bfad8adc3e541ec26077792e5c06a28aef86522fc0bb44bb8f7d1b9278324a,0x40ec5b33f54e0e8a33a975908c5ba1c14e5bbbdf,0x530d10aec84fc3df7d5fd96e11357689352f69d6
321.1341350965938,2026-04-27 14:38:59.000 UTC,ACAI,0xd1ce69b4bdd3dda553ea55a2a57c21c65190f3d5,0x373e9f5c92835a2e2eb9ef682388c89f77e943fa91e96d64667707a7e45720b8,0x40ec5b33f54e0e8a33a975908c5ba1c14e5bbbdf,0x530d10aec84fc3df7d5fd96e11357689352f69d6
127.69500351677743,2026-04-27 14:38:11.000 UTC,ADDY,0xe15a66b7b8e385caa6f69fd0d55984b96d7263cf,0x2c573547bd3f58cc38ac2a484ecfe50f9d38174d30b67f856c2bed51bc0fad14,0x0cc2caed31490b546c741bd93dbba8ab387f7f2c,0x530d10aec84fc3df7d5fd96e11357689352f69d6
5184.362478382884,2026-04-24 14:48:35.000 UTC,AEDY,0x103bb3ebc6f61b3db2d6e01e54ef7d9899a2e16b,0x67b13206a81f745c31621fcbd63653013339f32ae0d60bc9f60764186661ef31,0xee8b7298fb38519a4727c895faa755fefbee914e,0x92b6a2aee6c748ad196fbfd449f87c9b2aa2e519
5184.362478382884,2026-04-24 14:48:35.000 UTC,AEDY,0x103bb3ebc6f61b3db2d6e01e54ef7d9899a2e16b,0x67b13206a81f745c31621fcbd63653013339f32ae0d60bc9f60764186661ef31,0x92b6a2aee6c748ad196fbfd449f87c9b2aa2e519,0x0000000000000000000000000000000000000000
